id,tipo_de_propiedad,direccion,zona,valor,dormitorios,banos,patio_parque,garage,mts_const,lote,piso,link,columna_1,apto_banco,alternativa_menor_1,alternativa_menor_2,alternativa_menor_3,alterniva_menor_4,alternativa_menor_5,.,alternativa_mayor,alternativa_mayor_2,alternativa_mayor_3,alternativa_mayor_4,alternativa_mayor_5
1,Casa,Country Abril,Hudson,USD 1.100.000,4,2,"Parque ",1,509,1484,,"https://www.remax.com.ar/420161202-306?associate=420161202 ",Team Ali,SI,"1. https://www.remax.com.ar/420161156-198?associate=420161202
2. https://www.remax.com.ar/420161481-24?associate=420161202
",,,,,,"1. https://www.remax.com.ar/420161402-24?associate=420161202
2. https://www.remax.com.ar/420531090-196?associate=420161202
3. https://www.remax.com.ar/420171211-178?associate=420161202
4. https://www.remax.com.ar/421531025-601?associate=420161202
",,,,
2,Casa,31 e/425 y 426,Villa Elisa,USD 280.000,3,4,"Parque ",2,200,340,,https://www.remax.com.ar/420161237-149?associate=420161237,Team Ali,SI,,,,,,,,,,,
3,Casa,19 Bis e/421 y 422,Villa Elisa,USD 320.000,4,2,"Parque ",2,215,969,,https://www.remax.com.ar/420161237-148?associate=420161237,Team Ali,SI,,,,,,,,,,,
4,Casa,424 esq 135,Villa Elisa,USD 170.000,2,1,"Parque ",2,190,759,,https://www.remax.com.ar/420161237-156?associate=420161237,Team Ali,NO,,,,,,,,,,,
5,Casa,473 e/139 y 141,Villa Elisa,USD 199.000,3,4,"Parque ",3,370,1450,,https://www.remax.com.ar/420161202-343?associate=420161202,Team Ali,SI,,,,,,,,,,,
7,Casa,139 e/ 64 y 65,Los Hornos,USD 128.000,3,2,"Parque ",2,138,450,,https://www.remax.com.ar/420161202-465?associate=420161202,Team Ali,SI,"1. https://www.remax.com.ar/420161399-65?associate=420161202
2. https://www.remax.com.ar/420161322-71?associate=420161202
3. https://www.remax.com.ar/421941006-53?associate=420161202
4. https://www.remax.com.ar/420161159-254?associate=420161202",,,,,,"1. https://www.remax.com.ar/421921005-83?associate=420161202
2. https://www.remax.com.ar/420161518-172?associate=420161202
",,,,
8,Casa,42 e/22 y 23,La Plata,USD 280.000,3,2,"Parque ",1,338,482,,https://www.remax.com.ar/420161202-463?associate=420161202,Team Ali,NO,,,,,,,,,,,
9,Lote,26 e/501 y 502,Manuel Gonnet,USD 59.000,,,,,,347,,https://www.remax.com.ar/420161237-186?associate=420161237,Team Ali,NO,,,,,,,,,,,
10,Casa,510 e/15 y 16,Manuel Gonnet,USD 179.000,4,2,Parque,1,130,300,,https://www.remax.com.ar/420161202-461?associate=420161202,Team Ali,SI,"ğŸ“ 511 e/ 23 bis  y 24 | ğŸ›ï¸ 3 dorm | ğŸ“ 110 mÂ² | ğŸŒ³ Parque | ğŸ’° USD $ 145.000
https://www.remax.com.ar/420161156-226?associate=420161202

ğŸ“ 28 e/ 491 y 493 | ğŸ›ï¸ 3 dorm | ğŸ“ 143 mÂ² | ğŸŒ³ Parque | ğŸ’° USD $ 150.000
https://www.remax.com.ar/420161164-313?associate=420161202

ğŸ“ 18 e/ 485 y 486 | ğŸ›ï¸ 3 dorm | ğŸ“ 115 mÂ² | ğŸŒ³ Parque | ğŸ’° USD $ 155.000
https://www.remax.com.ar/420161408-36?associate=420161202

ğŸ“ 505 e/ 28 y 29 | ğŸ›ï¸ 3 dorm | ğŸ“ 124 mÂ² | ğŸŒ³ Parque | ğŸ’° USD $ 159.000
https://www.remax.com.ar/420711129-241?associate=420161202


ğŸ“ 132 bis y 488 | ğŸ›ï¸ 3 dorm | ğŸ“ 113 mÂ² | ğŸŒ³ Parque | ğŸ’° USD $ 165.000
https://www.remax.com.ar/420711119-338?associate=420161202

",,,,,,"ğŸ“ 505 bis e/ 23 y 24 | ğŸ›ï¸ 3 dorm | ğŸ“ 120 mÂ² | ğŸŒ³ Parque | ğŸ’° USD $ 210.000
https://www.remax.com.ar/420161085-559?associate=420161202

ğŸ“ 27 e/ 496 y 497 | ğŸ›ï¸ 3 dorm | ğŸ“ 228 mÂ² | ğŸŒ³ Parque | ğŸ’° USD $ 390.000
https://www.remax.com.ar/420161202-475

ğŸ“ 28 bis e/ 489 y 491 | ğŸ›ï¸ 3 dorm | ğŸ“ 228 mÂ² | ğŸŒ³ Parque | ğŸ’° USD $ 226.000
https://www.remax.com.ar/420161164-300?associate=420161202

ğŸ“ Lacroze y 15 | ğŸ›ï¸ 3 dorm | ğŸ“ 270 mÂ² | ğŸŒ³ Parque | ğŸ’° USD $ 250.000
https://www.remax.com.ar/420161486-9?associate=420161202

ğŸ“ 15 bis e/ 493 bis y 494  ğŸ›ï¸ 3 dorm | ğŸ“ 180 mÂ² | ğŸŒ³ Parque | ğŸ’° USD $ 250.000
â€‹â€‹https://www.remax.com.ar/421941044-14?associate=420161202
","ğŸ“ 493 bis esq 16 bis | ğŸ›ï¸ 3 dorm | ğŸ“ 230 mÂ² | ğŸŒ³ Parque | ğŸ’° USD $ 290.000
https://www.remax.com.ar/420161408-31?associate=420161202

ğŸ“ 485 e/ 18 y 19 | ğŸ›ï¸ 3 dorm | ğŸ“ 132 mÂ² | ğŸŒ³ Parque | ğŸ’° USD $ 320.000
https://www.remax.com.ar/420711013-181?associate=420161202

ğŸ“ 18 e/ 491 y 491 bis | ğŸ›ï¸ 3 dorm | ğŸ“ 340 mÂ² | ğŸŒ³ Parque | ğŸ’° USD $ 480.000
https://www.remax.com.ar/420711158-104?associate=420161202
",,,
11,Casa,116 e/ 34 y 35,La Plata,USD 109.000,2,1,"Parque ",1,110,176,UF 2,https://www.remax.com.ar/420161202-458?associate=420161202,Team Ali,SI,"ğŸ“119 e/ 35 y 36 | ğŸ›ï¸ 2 dorm | ğŸ“78  mÂ² | ğŸŒ³  Parque | ğŸ’° USD $73.000
https://www.remax.com.ar/421941047-9?associate=420161202
 
",,,,,,"ğŸ“38 E/ 15 Y 16 | ğŸ›ï¸ 2 dorm | ğŸ“74  mÂ² | ğŸŒ³  Parque | ğŸ’° USD $119.000
https://www.remax.com.ar/420711115-138?associate=420161202
ğŸ“18 e/ 46 y 47| ğŸ›ï¸ 2 dorm | ğŸ“92  mÂ² | ğŸŒ³  Parque | ğŸ’° USD $129.000
https://www.remax.com.ar/420161185-157?associate=420161202
ğŸ“2 e/ 63 y 64| ğŸ›ï¸ 2 dorm | ğŸ“150  mÂ² | ğŸŒ³  Pileta  | ğŸ’° USD $140.000
https://www.remax.com.ar/420161381-62?associate=420161202
ğŸ“32 e/ 5 y 6 | ğŸ›ï¸ 3 dorm | ğŸ“175  mÂ² | ğŸŒ³  Parque  | ğŸ’° USD $160.000
https://www.remax.com.ar/420711247-38?associate=420161202
ğŸ“47 e/ 28 y 29 | ğŸ›ï¸ 3 dorm | ğŸ“130  mÂ² | ğŸŒ³  Pileta  | ğŸ’° USD $189.900
https://www.remax.com.ar/420711197-105?associate=420161202
","ğŸ“43 e/ 17 y 18 | ğŸ›ï¸ 3 dorm | ğŸ“164  mÂ² | ğŸŒ³  Parque  | ğŸ’° USD $220.000
https://www.remax.com.ar/420341122-182?associate=420161202
ğŸ“28 e/ 57 y 58 | ğŸ›ï¸ 3 dorm | ğŸ“165  mÂ² | ğŸŒ³  Pileta  | ğŸ’° USD $190.000
https://www.remax.com.ar/420161086-201?associate=420161202
ğŸ“2 e/ 36 y 37 | ğŸ›ï¸ 3 dorm | ğŸ“228  mÂ² | ğŸŒ³  Parque  | ğŸ’° USD $172.000
https://www.remax.com.ar/420341184-12?associate=420161202
",,,
12,Lote,139 e/ 90 y 96,Fincas de Duggan,USD 153.000,,,Lote 316,,,1631,,https://www.remax.com.ar/420161237-187?associate=420161237,Team Ali,NO,,,,,,,,,,,
14,Lote,501 e/ 135 Y 137,Don Carlos,USD 99.900,,,,,,685,,https://www.remax.com.ar/420161202-443?associate=420161202,Team Ali,NO,,,,,,,,,,,
15,Departamento,Plaza Paso e/13 y 44,La Plata,USD 249.000,3,2,Balcon al frente y al contrafrente,1,133,142,1,https://www.remax.com.ar/420161202-442?associate=420161202,Team Ali,SI,"1. https://www.remax.com.ar/420161202-491
2. https://www.remax.com.ar/420441194-24?associate=420161202
3. https://www.remax.com.ar/420161164-299?associate=420161202
4. https://www.remax.com.ar/420161164-283?associate=420161202
5. https://www.remax.com.ar/420341194-37?associate=420161202

","
",,,,,"1. https://www.remax.com.ar/420161402-29?associate=420161202
2. https://www.remax.com.ar/420711224-28?associate=420161202
3. https://www.remax.com.ar/420711158-70?associate=420161202
4. https://www.remax.com.ar/420711129-248?associate=420161202
",,,,
16,Casa,49 e/ 26 y 27,La Plata,USD 150.000,3,2,"Parque ",1,170,291,,https://www.remax.com.ar/420161202-354?associate=420161202,Team Ali,NO,,,,,,,,,,,
17,Casa,63 e/ 139 y 140,Los Hornos,USD 65.000,2,1,Patio,,100,110,,https://www.remax.com.ar/420161237-105?associate=420161237,Team Ali,NO,,,,,,,,,,,
18,Casa,530 e/ 4bis y 5,Tolosa,USD 135.000,3,3,Patio,1,180,258,,https://www.remax.com.ar/420161237-132?associate=420161237,Team Ali,NO,,,,,,,,,,,
19,Departamento,30 esq 41,La Plata,USD 86.000,1,1,Balcon,1,51,56,5,https://www.remax.com.ar/420161237-137?associate=420161237,Team Ali,NO,,,,,,,,,,,
20,Departamento,2 e/ 33 y 34,La Plata,USD 80.000,2,1,,2,83,83,1 UF 1,https://www.remax.com.ar/420161237-141?associate=420161237,Team Ali,NO,,,,,,,,,,,
21,Casa,502 e/ 17 y 18,Manuel Gonnet,USD 280.000,4,3,"Parque ",3,256,400,,https://www.remax.com.ar/420161237-157?associate=420161237,Team Ali,NO,,,,,,,,,https://www.remax.com.ar/420161422-18?associate=420161237,,
22,Casa,15a e/ 460 y  461,City Bell,USD 65.000,2,1,"Parque ",1,68,343,,https://www.remax.com.ar/420161237-161?associate=420161237,Team Ali,NO,,,,,,,,,,,
23,Casa,13 esq 487,Manuel Gonnet,USD 365.000,3,2,"Parque ",2,140,2823,,https://www.remax.com.ar/420161237-159?associate=420161237,Team Ali,SI,,,,,,,,,,,https://www.remax.com.ar/420161202-467?associate=420161202
24,Oficina,Santiago del estero al 315,"Monserrat, Buenos Aires",USD 99.000,,1,,1,155,155,6,https://www.remax.com.ar/420161237-160?associate=420161237,Team Ali,NO,,,,,,,,,,,
25,Oficina," 58 e/ 2 y 3",La Plata,USD 82.500,,,Balcon,,57,57,1,https://www.remax.com.ar/420161455-4?associate=420161455,Team Ali,NO,,,,,,,,,,,
26,Lote,471 e/ 24 y 26,City Bell,USD 97.000,,,,,,624,,https://www.remax.com.ar/420161455-5?associate=420161455,Team Ali,SI,,,,,,,,,,,
27,Departamento,58 e/ 2 y 3,La Plata,USD 59.000,Monoambiente,1,Balcon,,31,37,8,https://www.remax.com.ar/420161455-20?associate=420161455,Team Ali,NO,,,,,,,,,,,
28,Casa,512 e/ 25 y 26,"Jose Hernandez, La Plata",USD 110.000,4,2,"Parque ",2,163,195,,https://www.remax.com.ar/420161455-13?associate=420161455,Team Ali,SI,,,,,,,,,,,
29,Departamento,48 e/ 7 y 8,La Plata,USD 145.000,3,2,,1,115,127,11,https://www.remax.com.ar/420161455-12?associate=420161455,Team Ali,SI,,,,,,,,,,,
31,Departamento,48 e/ 8 y 9,La Plata,USD 130.000,3,2,Balcon,1,124,136,3,https://www.remax.com.ar/420161455-15?associate=420161455,Team Ali,SI,,,,,,,,,,,
36,Casa,473 Bis e/ 21A y Cno Belgrano,CIty Bell,USD 500.000,5,5,Patio,0,300,435,,https://www.remax.com.ar/420161202-467?associate=420161202,Team Ali,NO,,,,,,,,,,,
37,Casa,151 esq 531,San Carlos,USD 115.000,3,2,Parque,2,145,600,,https://www.remax.com.ar/420161237-162?associate=420161237,Team Ali,NO,,,,,,,,,,,
38,Casa,144 e/ 60 y 61,Los Hornos,USD 145.000,3,1,"Parque ",3,120,500,,https://www.remax.com.ar/420161237-158?associate=420161237,Team Ali,SI,,,,,,,,,,,
39,Casa,Ortiz de campo esq lavalle,Quilmes,USD 150.000,2,2,Patio,1,100,190,,https://www.remax.com.ar/420161202-466?associate=420161202,Team Ali,NO,,,,,,,,,,,
40,Lote,458 e/ 150 y 152,City Bell,USD 350.000,,,3 Hectareas,,34222,,,https://www.remax.com.ar/420161202-469?associate=420161202,Team Ali,NO,,,,,,,,,,,
43,Departamento,66 e/ 5 y 6,La Plata,USD 68.000,1,1,,,40,43,3,https://www.remax.com.ar/420161237-167?associate=420161237,Team Ali,NO,,,,,,,,,,,
44,Lote,403 e/ Centenario y 24,"Villa Elisa, Barrio Privado Villalba",USD 119.000,,,,,,915,,https://www.remax.com.ar/420161455-22?associate=420161455,Team Ali,NO,,,,,,,,,,,
46,PH,63 esq 28,La Plata,USD 67.000,2,2,Patio,1,96,108,1,https://www.remax.com.ar/420161202-459?associate=420161202,Team Ali,SI,"ğŸ“59 e/ 23 y 24 | ğŸ›ï¸2 dorm | ğŸ“ 57  mÂ² | ğŸŒ³Patio | ğŸ’° USD $60.000
https://www.remax.com.ar/420441151-56?associate=420161202
ğŸ“17 e/ 64 y 65 | ğŸ›ï¸2 dorm | ğŸ“ 60  mÂ² | ğŸŒ³Patio | ğŸ’° USD $61.000
https://www.remax.com.ar/420341134-81?associate=420161202
ğŸ“27 e/ 66 y 67 | ğŸ›ï¸2 dorm | ğŸ“ 63  mÂ² | ğŸŒ³Patio | ğŸ’° USD $45.000
https://www.remax.com.ar/421921011-45?associate=420161202
ğŸ“66 esq 27 | ğŸ›ï¸2 dorm | ğŸ“ 50 mÂ² | ğŸŒ³Patio | ğŸ’° USD $49.000
https://www.remax.com.ar/421941046-37?associate=420161202
ğŸ“14 e/ 70 y 71 | ğŸ›ï¸2 dorm | ğŸ“ 50 mÂ² | ğŸŒ³Patio | ğŸ’° USD $62.000
https://www.remax.com.ar/420341143-42?associate=420161202
",,,,,,"ğŸ“71 e/ 18 y 19 | ğŸ›ï¸2 dorm | ğŸ“ 54 mÂ² | ğŸŒ³Patio | ğŸ’° USD $73.000
https://www.remax.com.ar/421921005-82?associate=420161202
ğŸ“21 e/ 63 y 64 | ğŸ›ï¸2 dorm | ğŸ“ 62 mÂ² | ğŸŒ³Patio | ğŸ’° USD $79.900
https://www.remax.com.ar/420711129-274?associate=420161202
ğŸ“26 e/ 66 y 67 | ğŸ›ï¸2 dorm | ğŸ“ 63 mÂ² | ğŸŒ³Patio | ğŸ’° USD $75.000
https://www.remax.com.ar/420161202-471
ğŸ“17 e/ 67 y 68 | ğŸ›ï¸2 dorm | ğŸ“ 81 mÂ² | ğŸŒ³Patio | ğŸ’° USD $72.000
https://www.remax.com.ar/420711072-257?associate=420161202

",,,,
48,Casa,473 Bis e/ 17 y 19,City bell,USD 700.000,3,2,p+Parque,2,310,680,,https://www.remax.com.ar/420161202-474?associate=420161202,Team Ali,NO,"1. https://www.remax.com.ar/420711007-134?associate=420161202
2. https://www.remax.com.ar/420161079-359?associate=420161202
3. https://www.remax.com.ar/420711013-181?associate=420161202
4. https://www.remax.com.ar/420161408-35?associate=420161202",,,,,,"
1. https://www.remax.com.ar/421941025-60?associate=420161202
",,,,
49,Casa,27 e/ 496 y 497,Gonnet,USD 389.000,3,2,Parque,2,228,615,,https://www.remax.com.ar/420161202-475?associate=420161202,Team Ali,NO,"1. https://www.remax.com.ar/420161139-183?associate=420161202
2. https://www.remax.com.ar/420161488-20?associate=420161202
3. https://www.remax.com.ar/420161159-271?associate=420161202
4. https://www.remax.com.ar/420711013-181?associate=420161202


",,,,,,"1. https://www.remax.com.ar/420711158-104?associate=420161202
2. https://www.remax.com.ar/420161282-96?associate=420161202
",,,,
50,Casa,Belgrano e/ ortiz de Ocampo y Matienzo,Quilmes,USD 145.000,3,2,,2,182,333,,https://www.remax.com.ar/420161202-476?associate=420161202,Team Ali,NO,,,,,,,,,,,
51,Departamento,33 e/ 8 y  9,La Plata,USD 65.000,1,1,,1,36,36,1,https://www.remax.com.ar/420161237-168?associate=420161237,Team Ali,NO,,,,,,,,,,,
52,Departamento,"39 e/ 5 y 6 ",La Plata,USD 39.000,1,1,,,35,35,1,https://www.remax.com.ar/420161237-171?associate=420161237,Team Ali,NO,https://web.redremax.com/420711032-308?associate=420161202,https://web.redremax.com/420161181-170?associate=420161202,https://web.redremax.com/421941011-20?associate=420161202,https://web.redremax.com/420341174-60?associate=420161202,https://web.redremax.com/420441184-95?associate=420161202,,https://web.redremax.com/421921008-14?associate=420161202,https://web.redremax.com/420441194-4?associate=420161202,https://web.redremax.com/420341144-25?associate=420161202,https://web.redremax.com/420341185-43?associate=420161202,https://web.redremax.com/420441144-96?associate=420161202
53,Departamento,62 e/ 3 y 4,La Plata,USD 68.000,3,1,,,80,85,2,https://www.remax.com.ar/420161455-7?associate=420161455,Team Ali,SI,,,,,,,,,,,
55,Departamento,61 e/ 12 y 13,La Plata,USD 178.000,2,2,,1,97,119,9,https://www.remax.com.ar/420161455-19?associate=420161455,Team Ali,SI,,,,,,,,,,,
57,Casa,"461b e/ 14 a y 14 c ",City Bell - Complejo â€œLos Ãrbolesâ€,USD 159.500,2,2,Parque,1,75,97,,https://www.remax.com.ar/420161202-479?associate=420161202,Team Ali,NO,"1. https://www.remax.com.ar/420711032-340?associate=420161202
2. https://www.remax.com.ar/420161246-426?associate=420161202
3. https://www.remax.com.ar/420161502-3?associate=420161202
4. https://www.remax.com.ar/420341194-22?associate=420161202
5. https://www.remax.com.ar/420341094-429?associate=420161202
","1. https://www.remax.com.ar/420711074-876?associate=420161202
2. https://www.remax.com.ar/420161408-36?associate=420161202
",,,,,"ğŸ“466 e/ 28 bis y 30  | ğŸ›ï¸3 dorm | ğŸ“ 120  mÂ² | ğŸŒ³Parque | ğŸ’° USD $165.000
https://www.remax.com.ar/420441151-66?associate=420161202

ğŸ“472 e/ 27 y 28  | ğŸ›ï¸3 dorm | ğŸ“ 252  mÂ² | ğŸŒ³Pileta | ğŸ’° USD $185.000
https://www.remax.com.ar/420161137-494?associate=420161202

ğŸ“467 e/ 30 y 31  | ğŸ›ï¸3 dorm | ğŸ“ 135  mÂ² | ğŸŒ³Parque | ğŸ’° USD $163.000
https://www.remax.com.ar/420161159-249?associate=420161202
",,,,
59,Casa,Haras del Sur II,Brandsen,USD 240.000,3,2,Parque,2,248,1233,,https://www.remax.com.ar/420161202-480?associate=420161202,Team Ali,,"
1. https://www.remax.com.ar/420711129-287?associate=420161202
2. https://www.remax.com.ar/421941025-117?associate=420161202
3. https://www.remax.com.ar/420161282-122?associate=420161202
4. https://www.remax.com.ar/420161280-61?associate=420161202
 5. https://www.remax.com.ar/420161280-61?associate=420161202",,,,,,"1. https://www.remax.com.ar/420711093-135?associate=420161202
2.  https://www.remax.com.ar/420171211-165?associate=420161202
3.  https://www.remax.com.ar/420161264-105?associate=420161202
4. https://www.remax.com.ar/420161282-154?associate=420161202
5.  https://www.remax.com.ar/420161282-120?associate=420161202
",,,,
63,PH,26 e/66 y 67,La Plata,USD 73.000,2,1,NO,0,63,63,1,https://www.remax.com.ar/420161202-471?associate=420161202,TeamAli,NO,"1. https://www.remax.com.ar/420441165-55?associate=420161202
2. https://www.remax.com.ar/421921024-18?associate=420161202
3. https://www.remax.com.ar/420341047-279?associate=420161202
4. https://www.remax.com.ar/420441116-116?associate=420161202
5. https://www.remax.com.ar/420161073-254?associate=420161202
",1. https://www.remax.com.ar/420711152-94?associate=420161202,,,,,"1. https://www.remax.com.ar/420711129-285?associate=420161202
2. https://www.remax.com.ar/420161361-38?associate=420161202
3. https://www.remax.com.ar/420711115-112?associate=420161202
4. https://www.remax.com.ar/420711229-20?associate=420161202
5. https://www.remax.com.ar/420711136-109?associate=420161202
",,,,
64,Casa,31 e/ 490 y 491,City Bell,USD 165.000,3,2,Parque,2,117,300,,https://www.remax.com.ar/420161237-180?associate=420161237,TeamAli,NO,"ğŸ“508 y 25 | ğŸ›ï¸ 2 dorm | ğŸ“96  mÂ² | ğŸŒ³  Parque  | ğŸ’° USD $144.000
https://www.remax.com.ar/420561141-133?associate=420161237
ğŸ“505 e/ 28 y 29 | ğŸ›ï¸ 2 dorm | ğŸ“124  mÂ² | ğŸŒ³  Parque  | ğŸ’° USD $159.000
https://www.remax.com.ar/420711129-241?associate=420161237
ğŸ“26 e/ 497 y 498 | ğŸ›ï¸ 2 dorm | ğŸ“140  mÂ² | ğŸŒ³  Parque  | ğŸ’° USD $144.999
https://www.remax.com.ar/420161395-60?associate=420161237
",,,,,,"ğŸ“487 e/ 16 y 16bis | ğŸ›ï¸ 3 dorm | ğŸ“160  mÂ² | ğŸŒ³  Parque  | ğŸ’° USD $170.000
https://ficha.propio.com.ar/1AyNk9CN0n_jXdBT
ğŸ“483 e/ 23 y 24 | ğŸ›ï¸ 3 dorm | ğŸ“170  mÂ² | ğŸŒ³  Parque  | ğŸ’° USD $180.000
 https://ficha.propio.com.ar/XLO-4ejeSwKLauws
ğŸ“23 e/ 495 y 496 | ğŸ›ï¸ 3 dorm | ğŸ“176  mÂ² | ğŸŒ³  Parque  | ğŸ’° USD $160.000
https://ficha.propio.com.ar/Jn6UWQHNdE17_A_f
",,,,
65,Casa,2 e/ Avenida Calchaqui y 101,Berazategui,USD 150.000,3,2,si,3,140,500,,https://www.remax.com.ar/420161237-176?associate=420161237,TeamAli,NO,"ğŸ“Avenida Florencio Varela y 140 | ğŸ›ï¸4 dorm | ğŸ“140  mÂ² | ğŸŒ³terraza  | ğŸ’° USD $99.000
https://www.remax.com.ar/420171212-74?associate=420161237

ğŸ“ 134 e/ 17 y 18 | ğŸ›ï¸3 dorm | ğŸ“ 165 mÂ² | ğŸŒ³Parque | ğŸ’° USD $115.00
https://www.remax.com.ar/420171174-17?associate=420161237


ğŸ“ 20 esq 143 | ğŸ›ï¸2 dorm | ğŸ“ 125 mÂ² | ğŸŒ³Parque | ğŸ’° USD $130.000
https://www.remax.com.ar/420171182-33?associate=420161237

ğŸ“ Gral M. Necochea e/ Finochietto y Gonzalez Balcarce | ğŸ›ï¸3 dorm | ğŸ“ 138 mÂ² | ğŸŒ³Parque| ğŸ’° USD $130.000
https://www.remax.com.ar/421731003-67?associate=420161237 


ğŸ“6 e/ 102 y 103 | ğŸ›ï¸3 dorm | ğŸ“ 302 mÂ² | ğŸŒ³Parque | ğŸ’° USD $145.000
 https://www.remax.com.ar/421061009-231?associate=420161237


",,,,,,"ğŸ“14 y 115 | ğŸ›ï¸5 dorm | ğŸ“ 170 mÂ² | ğŸŒ³Patio| ğŸ’° USD $150.000
https://www.remax.com.ar/420531090-190?associate=420161237

ğŸ“ 8 y 136 | ğŸ›ï¸3 dorm | ğŸ“ 108 mÂ² | ğŸŒ³Parque | ğŸ’° USD $155.000
https://www.remax.com.ar/421731005-87?associate=420161237


ğŸ“12 e/ 140 y 141 | ğŸ›ï¸3 dorm | ğŸ“ 200 mÂ² | ğŸŒ³Parque | ğŸ’° USD $180.000
https://www.remax.com.ar/420711129-271?associate=420161237


",,,,
67,PH,27 e/ 40 y 41,La Plata,USD 89.000,2,1,Patio,,78,78,UF 2,https://www.remax.com.ar/420161202-499?associate=420161202,TeamAli,NO,"1. https://www.remax.com.ar/420711176-52?associate=420161202
2. https://www.remax.com.ar/420711115-120?associate=420161202
3. https://www.remax.com.ar/420711129-274?associate=420161202
4. https://ficha.propio.com.ar/WZorOTGjMDaDfY-Y
5. https://ficha.propio.com.ar/YsaFvFximSTuH5VH
","1. https://ficha.propio.com.ar/_QMzkXQDH-X1vr68
2. https://ficha.propio.com.ar/EcOVfw3YshDr2zSp
3. https://ficha.propio.com.ar/iGGxLD9f2A0LNLKC
4. https://ficha.propio.com.ar/UtFmgUmvgM2JjhZk
5. https://ficha.propio.com.ar/LU5YCaLgzv7m5cZX
","1. https://ficha.propio.com.ar/M0H0ZYzh-M5NHbGU
2.  https://ficha.propio.com.ar/Ywonu9dfNSRWHlsy
3.  https://ficha.propio.com.ar/7RKtDlN26A1tztAY
4. https://ficha.propio.com.ar/rfdjqanNXLvzFf_a
5. https://ficha.propio.com.ar/cAxe8pq9ZvdUNF7x
","1. https://ficha.propio.com.ar/RKKwO38StMnPkL42
2. https://ficha.propio.com.ar/ZFAPHSTcjOYU1NbF
3. https://ficha.propio.com.ar/Gm0lWV3T941HzeO1
",,,"1. https://www.remax.com.ar/421941031-27?associate=420161202
2. https://www.remax.com.ar/420341174-61?associate=420161202
3. https://www.remax.com.ar/420711136-109?associate=420161202
4. https://ficha.propio.com.ar/uqswA2jU4ktnnYEF
5. https://ficha.propio.com.ar/tq4iTpHNDj9z2_E8
","1. https://ficha.propio.com.ar/abSCZAh06p8X-S_b
",,,
69,Casa,134 e/ 417 y 418,Villa Elisa,USD 385.000,4,2,"Parque ",2,400,798,,https://www.remax.com.ar/420161202-485?associate=420161202,TeamAli,NO,"1. https://www.remax.com.ar/420161237-148?associate=420161202
2. https://www.remax.com.ar/420161273-77?associate=420161202
3. https://www.remax.com.ar/420341064-227?associate=420161202
4. https://www.remax.com.ar/420161202-470
5. https://www.remax.com.ar/420161185-117?associate=420161202
",,,,,,,,,,
70,Lote,Miralagos II,Brandsen,USD 55.000,,,,,,1467,,https://www.remax.com.ar/420161237-185?associate=420161237,TeamAli,NO,,,,,,,,,,,
71,Casa,45 e/ 12 y 13,La Plata,USD 400.000,4,3,Patio,1,300,156,,https://www.remax.com.ar/420161202-489?associate=420161202,TeamAli,,,,,,,,,,,,
72,Casa,8 esq 47," Villa Elisa",USD 200.000,"3 ",1,Parque,2,160,578,,https://www.remax.com.ar/420161202-470?associate=420161202,TeamAli,NO,"ğŸ“ 49 e/ 15 y 16 | ğŸ›ï¸ 3 dorm | ğŸ“ 220 mÂ² | ğŸŒ³ Parque | ğŸ’° USD $ 180.000
https://www.remax.com.ar/420161156-206?associate=420161237
",,,,,,"ğŸ“ 7 e/ 420 y 421  | ğŸ›ï¸ 3 dorm | ğŸ“ 260 mÂ² | ğŸŒ³ Parque | ğŸ’° USD $ 240.000
https://www.remax.com.ar/420161185-117?associate=420161237
ğŸ“ 413 e/ 21 A y 21 C | ğŸ›ï¸ 3 dorm | ğŸ“ 243 mÂ² | ğŸŒ³ Parque | ğŸ’° USD $ 270.000
https://www.remax.com.ar/420161273-77?associate=420161237
ğŸ“ 407 e/ 23 y 24 | ğŸ›ï¸ 3 dorm | ğŸ“ 250 mÂ² | ğŸŒ³ Parque | ğŸ’° USD $ 299.000
https://www.remax.com.ar/421941006-32?associate=420161237
ğŸ“ 20 e/ 43 y 44 | ğŸ›ï¸ 4 dorm | ğŸ“ 286 mÂ² | ğŸŒ³ Parque | ğŸ’° USD $ 320.000
https://www.remax.com.ar/420161417-8?associate=420161237
ğŸ“ 19 bis e/ 421 y 422 | ğŸ›ï¸ 4 dorm | ğŸ“ 215 mÂ² | ğŸŒ³ Parque | ğŸ’° USD $ 320.000
https://www.remax.com.ar/420161237-148

","ğŸ“ 411 e/ 21 A  y 22 | ğŸ›ï¸ 3 dorm | ğŸ“ 160 mÂ² | ğŸŒ³ Parque | ğŸ’° USD $ 350.000
https://www.remax.com.ar/420711158-111?associate=420161237
ğŸ“ 408 e/ 24 y 25 | ğŸ›ï¸ 5 dorm | ğŸ“ 400 mÂ² | ğŸŒ³ Parque | ğŸ’° USD $ 400.000
https://www.remax.com.ar/421941006-32?associate=420161237
",,,
73,Departamento,25 e/ 71 y 72,La Plata,USD 57.000,1,1,Balcon,,40,43,1,https://www.remax.com.ar/420161455-25?associate=420161455,TeamAli,NO,,,,,,,,,,,
74,Casa,Av Antartida esq 10,Tolosa,USD 248.000,4,3,Terraza,,160,144,,https://www.remax.com.ar/420161455-24?associate=420161455,,,,,,,,,,,,,
75,Casa,33 e/ 115 y 116,La Plata,USD 95.000,3,2,Patio,2,200,200,,https://www.remax.com.ar/420161455-23?associate=420161455,TeamAli,NO,,,,,,,,,,,
76,Departamento,2 e/ 57 y 58,La Plata,USD 140.000,2,1,Patio,,90,170,PB,https://www.remax.com.ar/420161455-17?associate=420161455,TeamAli,NO,,,,,,,,,,,
77,Departamento,45 e/ 24 y 25,"La Plata ",USD 110.000,2,1,Balcon,NO,55,60,3,https://www.remax.com.ar/420161237-182?associate=420161237,Team Ali,"NO ","1. https://www.remax.com.ar/420341134-85?associate=420161202
2. https://www.remax.com.ar/421921017-31?associate=420161202
3. https://www.remax.com.ar/420711013-179?associate=420161202
4. https://www.remax.com.ar/420341185-45?associate=420161202
5. https://www.remax.com.ar/420441154-127?associate=420161202
","1. https://www.remax.com.ar/420711023-173?associate=420161202
2. https://www.remax.com.ar/420711104-194?associate=420161202
3. https://www.remax.com.ar/421921037-94?associate=420161202
4. https://www.remax.com.ar/420441173-17?associate=420161202
5. https://www.remax.com.ar/420711065-96?associate=420161202
","1. https://www.remax.com.ar/420341094-458?associate=420161202
2. https://www.remax.com.ar/420711197-107?associate=420161202
3. https://www.remax.com.ar/420441083-180?associate=420161202
4. https://www.remax.com.ar/420161282-192?associate=420161202
5. https://www.remax.com.ar/420711158-106?associate=420161202
","1. https://www.remax.com.ar/420441083-179?associate=420161202
2. https://www.remax.com.ar/420711119-335?associate=420161202
3. https://www.remax.com.ar/420441194-14?associate=420161202
",,,"ğŸ“ 43 e/ 13 y 14 | ğŸ›ï¸ 2 dorm | ğŸ“ 75 mÂ² | ğŸ¢  Terraza | ğŸ’° USD $ 125.000
https://www.remax.com.ar/420441128-317?associate=420161202
ğŸ“ 14 e/ 45 y 46 | ğŸ›ï¸ 2 dorm | ğŸ“ 75 mÂ² | ğŸ¢  BalcÃ³n | ğŸ’° USD $ 119.500
https://www.remax.com.ar/420711122-100?associate=420161202
ğŸ“ 51 e/ 28 y 29 | ğŸ›ï¸ 2 dorm | ğŸ“ 64 mÂ² | ğŸ¢  BalcÃ³n | ğŸ’° USD $ 142.000
https://www.remax.com.ar/420161185-142?associate=420161202
ğŸ“ 19 y 66 | ğŸ›ï¸ 2 dorm | ğŸ“ 67 mÂ² | ğŸ¢  BalcÃ³n | ğŸ’° USD $ 155.000
https://www.remax.com.ar/420441154-130?associate=420161202
ğŸ“ 63 e/ 11 y 12 | ğŸ›ï¸ 2 dorm | ğŸ“ 87 mÂ² | ğŸ¢  BalcÃ³n y Terraza| ğŸ’° USD $ 148.000
https://www.remax.com.ar/420161073-202?associate=420161202
","ğŸ“ 58 e/ 3 y 4 | ğŸ›ï¸ 2 dorm | ğŸ“ 58 mÂ² | ğŸ¢  BalcÃ³n | ğŸ’° USD $ 120.000
https://www.remax.com.ar/422121013-8?associate=420161202
ğŸ“ 3 e/ 49 y 50 | ğŸ›ï¸ 2 dorm | ğŸ“ 85 mÂ² | ğŸ¢  BalcÃ³n | ğŸ’° USD $ 155.000
https://www.remax.com.ar/421921006-89?associate=420161202
ğŸ“ 43 e/ 13 y 14 | ğŸ›ï¸ 2 dorm | ğŸ“ 75 mÂ² | ğŸ¢  BalcÃ³n | ğŸ’° USD $ 125.000
https://www.remax.com.ar/420441128-317?associate=420161202
ğŸ“ 9 e/ 60 y 61 | ğŸ›ï¸ 2 dorm | ğŸ“ 65 mÂ² | ğŸ¢  BalcÃ³n | ğŸ’° USD $ 130.000
https://www.remax.com.ar/420711169-43?associate=420161202
ğŸ“ 51 e/ 4 y 5 | ğŸ›ï¸ 2 dorm | ğŸ“ 62 mÂ² | ğŸ¢  BalcÃ³n | ğŸ’° USD $ 139.000
https://www.remax.com.ar/420161359-26?associate=420161202
","ğŸ“ 45 e/  6 y 7 | ğŸ›ï¸ 2 dorm | ğŸ“ 79 mÂ² | ğŸ¢  BalcÃ³n | ğŸ’° USD $ 165.000
https://www.remax.com.ar/420161164-285?associate=420161202
ğŸ“ 61 e/ 12 y 13| ğŸ›ï¸ 2 dorm | ğŸ“ 97 mÂ² | ğŸ¢  BalcÃ³n | ğŸ’° USD $ 178.000
https://www.remax.com.ar/420161455-19?associate=420161202
ğŸ“ 15 e/ 38 y 39| ğŸ›ï¸ 2 dorm | ğŸ“ 116 mÂ² | ğŸ¢  BalcÃ³n | ğŸ’° USD $ 195.000
https://www.remax.com.ar/420161164-261?associate=420161202 
ğŸ“ 54 e/ 23 y 24| ğŸ›ï¸ 2 dorm | ğŸ“ 93 mÂ² | ğŸ¢  BalcÃ³n | ğŸ’° USD $ 200.000
https://www.remax.com.ar/420441070-176?associate=420161202
ğŸ“ 15 e/ 45 y 46| ğŸ›ï¸ 2 dorm | ğŸ“ 100 mÂ² | ğŸ¢  BalcÃ³n | ğŸ’° USD $ 189.000
https://www.remax.com.ar/420161043-460?associate=420161202
","ğŸ“ 51 e/ 3 y 4| ğŸ›ï¸ 2 dorm | ğŸ“ 82  mÂ² | ğŸ¢  BalcÃ³n | ğŸ’° USD $ 180.000
https://www.remax.com.ar/421921026-214?associate=420161202
ğŸ“ 38 e/ 16 y 17| ğŸ›ï¸ 3 dorm | ğŸ“ 116  mÂ² | ğŸ¢  BalcÃ³n | ğŸ’° USD $ 165.000
https://www.remax.com.ar/420161085-462?associate=420161202
ğŸ“ 15 e/ 43 y 44| ğŸ›ï¸ 3 dorm | ğŸ“ 98  mÂ² | ğŸ¢  BalcÃ³n | ğŸ’° USD $ 165.000
https://www.remax.com.ar/420161137-500?associate=420161202
",
78,Casa,6 e/ 33 y 34,La Plata,USD 620.000,4,3,SI,SI / 2,400,376,,https://www.remax.com.ar/420161202-488?associate=420161202,Team Ali,"NO ","1. https://www.remax.com.ar/421941012-89?associate=420161202
2. https://www.remax.com.ar/420161141-160?associate=420161202
3. https://www.remax.com.ar/420161310-46?associate=420161202
4. https://www.remax.com.ar/420161139-151?associate=420161202
5. https://www.remax.com.ar/420161273-79?associate=420161202
","1. https://www.remax.com.ar/420711186-207?associate=420161202
2. https://www.remax.com.ar/420711144-77?associate=420161202
 
",,,,,,,,,
82,PH,58 e/ Diagonal 74 y 18,La Plata,94.500 USD,3,1,"Si Patio ",NO,"80,14","110,37",1,https://www.remax.com.ar/420161202-490?associate=420161202,Team Ali,"NO ","1. https://www.remax.com.ar/421941012-71?associate=420161202
2. https://www.remax.com.ar/420161417-13?associate=420161202
3. https://www.remax.com.ar/420711263-227?associate=420161202
4. https://www.remax.com.ar/420161185-143?associate=420161202
5. https://www.remax.com.ar/421941031-27?associate=420161202
",,,,,,"1. https://www.remax.com.ar/420161488-24?associate=420161202
2. https://www.remax.com.ar/421941011-37?associate=420161202
3. https://www.remax.com.ar/420161487-13?associate=420161202
4. https://www.remax.com.ar/420161417-27?associate=420161202
5. https://www.remax.com.ar/181654-4?associate=420161202
","1. https://www.remax.com.ar/420161185-152?associate=420161202
2. https://www.remax.com.ar/420161156-155?associate=420161202
",,,
84,Casa,45 e/ 12 y 13,La Plata,"400.000 USD ",4,3,SI,SI / 1,300,156,1,https://www.remax.com.ar/420161202-489?associate=420161202,Team Ali,NO,,,,,,,,,,,
85,"Monoambiente ","38 e/ 5 y 6 ",La Plata,51.500 USD,1,1,NO,NO,36,36,4,https://www.remax.com.ar/420161237-183?associate=420161237,Team Ali,NO,"1. https://www.remax.com.ar/420161159-232?associate=420161237
2. https://www.remax.com.ar/420711032-314?associate=420161237
3. https://www.remax.com.ar/420711264-12?associate=420161237
4. https://www.remax.com.ar/420161494-9?associate=420161237
5. https://www.remax.com.ar/420341176-32?associate=420161237
","1. https://www.remax.com.ar/420161264-116?associate=420161237
2. https://www.remax.com.ar/421941026-32?associate=420161237
3. https://www.remax.com.ar/420161486-4?associate=420161237
4. https://www.remax.com.ar/420711262-89?associate=420161237
",,,,,"1. https://www.remax.com.ar/420711168-7?associate=420161237
2. https://www.remax.com.ar/420341138-136?associate=420161237
3. https://www.remax.com.ar/421921006-101?associate=420161237
4. https://www.remax.com.ar/420011287-25?associate=420161237
5. https://www.remax.com.ar/420711262-117?associate=420161237
","1. https://www.remax.com.ar/420711122-125?associate=420161237
2. https://www.remax.com.ar/420161508-1?associate=420161237
3. https://www.remax.com.ar/420161181-189?associate=420161237
4. https://www.remax.com.ar/420161085-591?associate=420161237
5. https://www.remax.com.ar/420161137-520?associate=420161237
","1. https://www.remax.com.ar/421921024-21?associate=420161237
2. https://www.remax.com.ar/420441116-119?associate=420161237
3. https://www.remax.com.ar/420161163-213?associate=420161237
4. https://www.remax.com.ar/420711158-109?associate=420161237
5. https://www.remax.com.ar/420441113-202?associate=420161237
","1. https://www.remax.com.ar/420161159-259?associate=420161237
2. https://www.remax.com.ar/420441070-170?associate=420161237
 
",
86,Departamento,"56 e/ 6 y 7 ",La Plata,55.000 USD,1,1,NO,NO,39,45,3,https://www.remax.com.ar/420161237-181?associate=420161237,Team Ali,NO,,,,,,,,,,,
87,Departamento,"39 e/ 15 y 16 ",La Plata,USD 270.000,2,2,Balcon,"SI / Disponibles Descubiertas PB ",128,"147,20",1,https://www.remax.com.ar/420161202-498?associate=420161202,Team Ali,NO,"1. https://www.remax.com.ar/420711224-28?associate=420161202

2. https://www.remax.com.ar/420161185-113?associate=420161202

3. https://www.remax.com.ar/420711174-70?associate=420161202

4. https://www.remax.com.ar/420161164-283?associate=420161202

5. https://www.remax.com.ar/421921006-69?associate=420161202
","1. https://www.remax.com.ar/420441194-24?associate=420161202

2. https://www.remax.com.ar/420161164-299?associate=420161202

",,,,,"1. https://www.remax.com.ar/420711129-248?associate=420161202

2. https://www.remax.com.ar/420711158-70?associate=420161202

3. https://www.remax.com.ar/420161185-156?associate=420161202

4. https://www.remax.com.ar/420341141-41?associate=420161202

5. https://www.remax.com.ar/420711229-23?associate=420161202
","1. https://www.remax.com.ar/420161343-70?associate=420161202
",,,
88,Departamento,10 e/ 54 y 55,La Plata,USD 326.700,3,1,Balcon,SI / Disponibles Semicubiertas - Descubiertas PB/SUB,140,157,2 al 6,https://www.remax.com.ar/420161202-497?associate=420161202,Team Ali,NO,,,,,,,,,,,
89,Departamento,10 e/ 54 y 55,La Plata,USD 420.200,3,1,Quincho Privado,SI / Disponibles Semicubiertas - Descubiertas PB/SUB,,,,https://www.remax.com.ar/420161202-495?associate=420161202,,,,,,,,,,,,,
90,Departamento,10 e/ 54 y 55,La Plata,USD 143.000,1,1,Balcon,SI / Disponibles Semicubiertas - Descubiertas PB/SUB,60,70,Entre Piso,https://www.remax.com.ar/420161202-494?associate=420161202,Team Ali,NO,,,,,,,,,,,
91,Departamento,"12 e/ 37 y 38 ",La Plata,USD 215.000,2,2,Balcon,SI,100,110,1,https://www.remax.com.ar/420161202-491?associate=420161202,Team Ali,NO,"ğŸ“ 43 e/ 13 y 14 | ğŸ›ï¸ 2 dorm | ğŸ“ 75 mÂ² | ğŸ¢  Terraza | ğŸ’° USD $ 125.000
https://www.remax.com.ar/420441128-317?associate=420161202
ğŸ“ 14 e/ 45 y 46 | ğŸ›ï¸ 2 dorm | ğŸ“ 75 mÂ² | ğŸ¢  BalcÃ³n | ğŸ’° USD $ 119.500
https://www.remax.com.ar/420711122-100?associate=420161202
ğŸ“ 51 e/ 28 y 29 | ğŸ›ï¸ 2 dorm | ğŸ“ 64 mÂ² | ğŸ¢  BalcÃ³n | ğŸ’° USD $ 142.000
https://www.remax.com.ar/420161185-142?associate=420161202
ğŸ“ 19 y 66 | ğŸ›ï¸ 2 dorm | ğŸ“ 67 mÂ² | ğŸ¢  BalcÃ³n | ğŸ’° USD $ 155.000
https://www.remax.com.ar/420441154-130?associate=420161202
ğŸ“ 63 e/ 11 y 12 | ğŸ›ï¸ 2 dorm | ğŸ“ 87 mÂ² | ğŸ¢  BalcÃ³n y Terraza| ğŸ’° USD $ 148.000
https://www.remax.com.ar/420161073-202?associate=420161202
","ğŸ“ 58 e/ 3 y 4 | ğŸ›ï¸ 2 dorm | ğŸ“ 58 mÂ² | ğŸ¢  BalcÃ³n | ğŸ’° USD $ 120.000
https://www.remax.com.ar/422121013-8?associate=420161202
ğŸ“ 3 e/ 49 y 50 | ğŸ›ï¸ 2 dorm | ğŸ“ 85 mÂ² | ğŸ¢  BalcÃ³n | ğŸ’° USD $ 155.000
https://www.remax.com.ar/421921006-89?associate=420161202
ğŸ“ 43 e/ 13 y 14 | ğŸ›ï¸ 2 dorm | ğŸ“ 75 mÂ² | ğŸ¢  BalcÃ³n | ğŸ’° USD $ 125.000
https://www.remax.com.ar/420441128-317?associate=420161202
ğŸ“ 9 e/ 60 y 61 | ğŸ›ï¸ 2 dorm | ğŸ“ 65 mÂ² | ğŸ¢  BalcÃ³n | ğŸ’° USD $ 130.000
https://www.remax.com.ar/420711169-43?associate=420161202
ğŸ“ 51 e/ 4 y 5 | ğŸ›ï¸ 2 dorm | ğŸ“ 62 mÂ² | ğŸ¢  BalcÃ³n | ğŸ’° USD $ 139.000
https://www.remax.com.ar/420161359-26?associate=420161202
","ğŸ“ 45 e/  6 y 7 | ğŸ›ï¸ 2 dorm | ğŸ“ 79 mÂ² | ğŸ¢  BalcÃ³n | ğŸ’° USD $ 165.000
https://www.remax.com.ar/420161164-285?associate=420161202
ğŸ“ 61 e/ 12 y 13| ğŸ›ï¸ 2 dorm | ğŸ“ 97 mÂ² | ğŸ¢  BalcÃ³n | ğŸ’° USD $ 178.000
https://www.remax.com.ar/420161455-19?associate=420161202
ğŸ“ 15 e/ 38 y 39| ğŸ›ï¸ 2 dorm | ğŸ“ 116 mÂ² | ğŸ¢  BalcÃ³n | ğŸ’° USD $ 195.000
https://www.remax.com.ar/420161164-261?associate=420161202 
ğŸ“ 54 e/ 23 y 24| ğŸ›ï¸ 2 dorm | ğŸ“ 93 mÂ² | ğŸ¢  BalcÃ³n | ğŸ’° USD $ 200.000
https://www.remax.com.ar/420441070-176?associate=420161202
ğŸ“ 15 e/ 45 y 46| ğŸ›ï¸ 2 dorm | ğŸ“ 100 mÂ² | ğŸ¢  BalcÃ³n | ğŸ’° USD $ 189.000
https://www.remax.com.ar/420161043-460?associate=420161202
","ğŸ“ 51 e/ 3 y 4| ğŸ›ï¸ 2 dorm | ğŸ“ 82  mÂ² | ğŸ¢  BalcÃ³n | ğŸ’° USD $ 180.000
https://www.remax.com.ar/421921026-214?associate=420161202
ğŸ“ 38 e/ 16 y 17| ğŸ›ï¸ 3 dorm | ğŸ“ 116  mÂ² | ğŸ¢  BalcÃ³n | ğŸ’° USD $ 165.000
https://www.remax.com.ar/420161085-462?associate=420161202
ğŸ“ 15 e/ 43 y 44| ğŸ›ï¸ 3 dorm | ğŸ“ 98  mÂ² | ğŸ¢  BalcÃ³n | ğŸ’° USD $ 165.000
https://www.remax.com.ar/420161137-500?associate=420161202 ",,,"1. https://www.remax.com.ar/420711158-70?associate=420161202

2. https://www.remax.com.ar/420161343-70?associate=420161202

3. https://www.remax.com.ar/420711224-28?associate=420161202

4. https://www.remax.com.ar/420161185-113?associate=420161202

5. https://www.remax.com.ar/420711174-70?associate=420161202
","1. https://www.remax.com.ar/420341141-41?associate=420161202

2. https://www.remax.com.ar/420161164-283?associate=420161202

3. https://www.remax.com.ar/421921006-69?associate=420161202
",,,
92,Oficina,10 e/ 54 y 55,La Plata,USD 59.400,,1,NO,SI / Disponibles Semicubiertas - Descubiertas PB/SUB,27,27,Entre Piso,https://www.remax.com.ar/420161202-492?associate=420161202,Team Ali,NO,,,,,,,,,,,
93,PH," 41 e/ 27 y 28",La Plata,USD 59.000,2,,Si,,52,68,,https://www.remax.com.ar/420161202-500?associate=420161202,,,"1. https://www.remax.com.ar/420441165-55?associate=420161202
2. https://www.remax.com.ar/421921024-18?associate=420161202
3. https://www.remax.com.ar/420341047-279?associate=420161202
4. https://www.remax.com.ar/420441116-116?associate=420161202
5. https://www.remax.com.ar/420161073-254?associate=420161202",,,,,,"1. https://www.remax.com.ar/420711129-285?associate=420161202
2. https://www.remax.com.ar/420161361-38?associate=420161202
3. https://www.remax.com.ar/420711115-112?associate=420161202
4. https://www.remax.com.ar/420711229-20?associate=420161202
5. https://www.remax.com.ar/420711136-109?associate=420161202",,,,